{
	"description": "项目配置文件。",
	"setting": {
		"urlCheck": false,
		"es6": true,
		"postcss": true,
		"minified": true,
		"newFeature": true
	},
	"compileType": "miniprogram",
	"libVersion": "1.9.94",
	"appid": "wxd47bf46522b9aa08",
	"projectname": "%E5%A4%9A%E9%97%A8%E5%BA%97-%E5%BC%80%E5%8F%91",
	"isGameTourist": false,
	"condition": {
		"search": {
			"current": -1,
			"list": []
		},
		"conversation": {
			"current": -1,
			"list": []
		},
		"plugin": {
			"current": -1,
			"list": []
		},
		"game": {
			"currentL": -1,
			"list": []
		},
		"miniprogram": {
			"current": -1,
			"list": [
				{
					"id": -1,
					"name": "注册页",
					"pathName": "pages/user/register/index",
					"query": ""
				},
				{
					"id": 1,
					"name": "登录页",
					"pathName": "pages/user/login/index",
					"query": ""
				}
			]
		}
	}
}